{
    "normals": [0,-1,0,0,0,-1,1,0,0,0,0,1,-1,0,0,0,1,0,0.925413,0,-0.378918,0.707083,0,-0.707083,0.378918,0,-0.925413,-0.378918,0,-0.925413,-0.707083,0,-0.707083,-0.925413,0,-0.378918,-0.925413,0,0.378918,-0.707083,0,0.707083,-0.378918,0,0.925413,0.378918,0,0.925413,0.707083,0,0.707083,0.925413,0,0.378918,0,0.999969,0],
    "metadata": {
        "version": 3,
        "generator": "io_three",
        "type": "Geometry",
        "vertices": 97,
        "faces": 46,
        "normals": 19,
        "materials": 1,
        "uvs": 0
    },
    "name": "Brick__1_x__1__01Geometry",
    "materials": [{
        "visible": true,
        "shading": "phong",
        "transparent": false,
        "doubleSided": true,
        "depthTest": true,
        "colorEmissive": [0,0,0],
        "DbgName": "LightBlue",
        "colorAmbient": [0.16,0.32,0.72],
        "specularCoef": 50,
        "DbgIndex": 0,
        "colorDiffuse": [0.16,0.32,0.72],
        "DbgColor": 15658734,
        "blending": "NormalBlending",
        "wireframe": false,
        "opacity": 1,
        "depthWrite": true,
        "colorSpecular": [0.5,0.5,0.5]
    }],
    "faces": [35,50,55,53,58,0,0,0,0,0,35,54,77,80,56,0,1,1,1,1,35,3,49,51,5,0,2,2,2,2,35,0,52,59,57,0,3,3,3,3,35,1,2,4,60,0,4,4,4,4,35,83,78,79,73,0,0,0,0,0,35,73,79,6,75,0,0,0,0,0,35,75,6,7,66,0,0,0,0,0,35,66,7,78,83,0,0,0,0,0,35,69,68,87,89,0,5,5,5,5,35,88,90,74,84,0,3,3,3,3,35,15,70,76,9,0,2,2,2,2,35,12,67,65,10,0,1,1,1,1,35,13,14,8,11,0,4,4,4,4,35,16,17,71,19,0,2,6,6,2,35,17,20,72,71,0,6,7,7,6,35,20,22,63,72,0,7,8,8,7,35,22,24,64,63,0,8,1,1,8,35,24,26,27,64,0,1,9,9,1,35,26,28,29,27,0,9,10,10,9,35,28,30,31,29,0,10,11,11,10,35,30,32,91,31,0,11,4,4,11,35,32,34,61,91,0,4,12,12,4,35,34,36,62,61,0,12,13,13,12,35,36,38,86,62,0,13,14,14,13,35,38,40,81,86,0,14,3,3,14,35,40,42,82,81,0,3,15,15,3,35,42,44,95,82,0,15,16,16,15,35,44,46,47,95,0,16,17,17,16,35,46,16,19,47,0,17,2,2,17,34,48,93,18,0,18,5,5,34,48,18,21,0,18,5,5,34,48,21,23,0,18,5,5,34,48,23,25,0,18,5,5,34,48,25,85,0,18,5,5,34,48,85,96,0,18,5,5,34,48,96,92,0,18,5,5,34,48,92,33,0,18,5,5,34,48,33,35,0,18,5,5,34,48,35,37,0,18,5,5,34,48,37,39,0,18,5,5,34,48,39,41,0,18,5,5,34,48,41,43,0,18,5,5,34,48,43,45,0,18,5,5,34,48,45,94,0,18,5,5,34,48,94,93,0,18,5,5],
    "vertices": [-0.24,0.405391,0.24,0.24,0.405391,0.24,0.24,0.405391,-0.24,-0.24,0.405391,-0.24,0.24,-0.394609,-0.24,-0.24,-0.394609,-0.24,-0.24,-0.394609,0.24,0.24,-0.394609,0.24,0.4,-0.394609,-0.4,-0.4,-0.394609,-0.4,-0.4,-0.394609,0.4,0.4,-0.394609,0.4,-0.4,0.565391,0.4,0.4,0.565391,0.4,0.4,0.565391,-0.4,-0.4,0.565391,-0.4,0.24,0.565391,-2.4714e-08,0.22,0.565391,-0.09,0.22,0.725391,-0.09,0.24,0.725391,-3.17079e-08,0.17,0.565391,-0.17,0.17,0.725391,-0.17,0.09,0.565391,-0.22,0.09,0.725391,-0.22,0,0.565391,-0.24,0,0.725391,-0.24,-0.09,0.565391,-0.22,-0.09,0.725391,-0.22,-0.17,0.565391,-0.17,-0.17,0.725391,-0.17,-0.22,0.565391,-0.09,-0.22,0.725391,-0.09,-0.24,0.565391,-2.4714e-08,-0.24,0.725391,-3.17079e-08,-0.22,0.565391,0.09,-0.22,0.725391,0.09,-0.17,0.565391,0.17,-0.17,0.725391,0.17,-0.09,0.565391,0.22,-0.09,0.725391,0.22,0,0.565391,0.24,0,0.725391,0.24,0.09,0.565391,0.22,0.09,0.725391,0.22,0.17,0.565391,0.17,0.17,0.725391,0.17,0.22,0.565391,0.09,0.22,0.725391,0.09,0,0.725391,-3.17079e-08,-0.24,0.405391,0.24,-0.24,0.405391,0.24,-0.24,-0.394609,0.24,-0.24,-0.394609,0.24,0.24,0.405391,-0.24,0.24,0.405391,-0.24,-0.24,0.405391,-0.24,-0.24,0.405391,-0.24,0.24,0.405391,0.24,0.24,0.405391,0.24,0.24,-0.394609,0.24,0.24,-0.394609,0.24,-0.22,0.725391,0.09,-0.17,0.725391,0.17,0.09,0.725391,-0.22,0,0.725391,-0.24,0.4,-0.394609,0.4,0.4,-0.394609,0.4,0.4,0.565391,0.4,0.4,0.565391,0.4,-0.4,0.565391,0.4,-0.4,0.565391,0.4,0.22,0.725391,-0.09,0.17,0.725391,-0.17,-0.4,-0.394609,-0.4,-0.4,-0.394609,-0.4,-0.4,-0.394609,0.4,-0.4,-0.394609,0.4,0.24,-0.394609,-0.24,0.24,-0.394609,-0.24,-0.24,-0.394609,-0.24,-0.24,-0.394609,-0.24,0,0.725391,0.24,0.09,0.725391,0.22,0.4,-0.394609,-0.4,0.4,-0.394609,-0.4,-0.09,0.725391,-0.22,-0.09,0.725391,0.22,0.4,0.565391,-0.4,0.4,0.565391,-0.4,-0.4,0.565391,-0.4,-0.4,0.565391,-0.4,-0.24,0.725391,-3.17079e-08,-0.22,0.725391,-0.09,0.24,0.725391,-3.17079e-08,0.22,0.725391,0.09,0.17,0.725391,0.17,-0.17,0.725391,-0.17],
    "uvs": []
}